category_list,create_at,img_url,is_ad,name,nv_mid,price,review_count,spec_dict,star+score,url
"['디지털/가전', '음향가전', '블루투스셋', '블루투스이어폰/이어셋']",2016.12.,https://shopping-phinf.pstatic.net/main_1077690/10776906666.20161214174829.jpg?type=f140,False,애플 에어팟 1세대 (MMEF2KH/A),10776906666,214310,11932.0,"{'용도': '통화+음악(스테레오)', '채널': '스테레오', '무선방식': '블루투스(애플W1칩탑재)', '유닛형태': '코드프리', '구성품': '충전케이스포함', '색상': '화이트계열', '품목': '무선이어폰', '음질개선': 'AAC', '부가기능': ['Siri호출(두번터치)', '빔포밍마이크', '가속도계센서(동작,음성)', '광학센서', '급속충전(15분충전시3시간재생)', '터치버튼', '자동전원']}",4.8,http://cr2.shopping.naver.com/adcr.nhn?x=laZEGW%2BtWgOSR6SSnbG4c%2F%2F%2F%2Fw%3D%3DsiEky1DWIRp9RPCm8ky0MMhK519%2FYQpLyuzJwjI0lwM%2FwMHFVfyRR41kkqop4BBe7b8mPFshxxZjUZilPFxJ49LOzWylEKLxqT9tnjLp1ZU9v5vPmSTHMhkGjhp5a56X4H%2Ba899jq4vPrE%2FGLlLG4%2FEZVgIO42F1ZaXskE4po%2F46fokx%2Bl4FoGy1QI9MhYsm97ezzdZ5SmNRKo6EhCioDiHib%2FRhqgYr9wnO%2FynfKSkAY3VoGsDE1XT1S6%2BOsYQTY%2BHjcviF3tCdK3HNpy49BDe8UEBRSWcEZo8%2BvK9eep8YAlHlfLvZE7oHvTvHgz2fijoOGrgwaFoZ%2B%2FQd5RATpAH0uxbhGCKlU8oD%2FYg3hwAniaaJza9DyXc4%2B890sFMHn3BTNc1ou8z07L6rEizbO%2BexhKqqqXKolPp7yRuyM%2B8sWG5xH%2BMDbHiNNiHNZeSlzRCmbo9tv%2Flwtg6f%2BJDJpivGNqpKCAAb85PIlxyhmhd5rPVzI8i4BESS239iSmFOWt5SQ7h9NlJklPiIKyYWpqZg7V7k688qcc3DL6Tr6EA5flfkORtuLbnKw6P2b3CvjwS2WtbSXzYjLNwsTUnaO6iSM7mfoYBKC6ortqtTwHymWQUZa3Xmw4kclqHoMSwVEf6V6dWNLrR48RgpR6lUzeAz8in5VLtp6p%2F8exCeAYHhOAF5ksHaPhHo2JPalOVV7Ax3vTX3vA2N5iwtHqwkD6A%3D%3D
"['디지털/가전', '음향가전', '블루투스셋', '블루투스이어폰/이어셋']",2019.04.,https://shopping-phinf.pstatic.net/main_1862208/18622086330.20190411143246.jpg?type=f140,False,애플 에어팟 2세대 유선충전 (MV7N2KH/A),18622086330,209000,151.0,"{'종류': '이어셋', '용도': '통화+음악(스테레오)', '유닛형태': '코드프리', '구성품': '충전케이스포함', '단자': '라이트닝', '품목': '무선이어폰', '부가기능': ['가속도계센서(동작,음성)', '광학센서', '급속충전(15분충전시3시간재생)', '자동연결', '상태표시LED', '터치버튼', '자동전원'], '통화': '3시간'}",4.8,http://cr2.shopping.naver.com/adcr.nhn?x=m8WjUsH9%2B7j1rYk%2FRDjaA%2F%2F%2F%2Fw%3D%3DsD6v09XucoVqxANUn1fO0%2BmX3UDobGQfmuSt6f%2B09I0CX2Vp5lJDj17PFAuvRflaO3pUtE7B4HJ%2F6MedDZ4TXdIVtXIxgYZhNi3I0%2BzY3EHgro76EcnfNVJrci3jsYwJ%2BJzjVZcPY0YNbl%2B58ZH2TJ30uxbhGCKlU8oD%2FYg3hwAmTPkYnuY%2Byatqt9ZKmjFUYALYmir1yi%2BCoifnqT4Mz0YxZuRoEYX5ASDCuPFKsofnn0qiEyM5KKHYWjo4ABgifNyMCToZw1eYkTbg2Q1D5WV6bmN%2Fws0Dq9JkpbX8Th10Ty8frGFobbxrLnOKppAy4v2cES%2FdN5dfAznBEdXB%2FMTFjApgIXbBKF5hfO21rWT3QrCFit8BUSYxv8yEQIzNGfgq2YXtLaWgqaPyAU3cl90PLYKANUS4NJlWGWACwoYT8TyXbllb1GW6b%2B5X7zqhMueGZwFrN%2FWLOd5dRVfyiON3VWUmK5nWw3HESLxHWYwbZjDExrhqlQC9inhLkNFqUOb6VONBHYTXgP9gcPBw1UDnFTJRVonKSlo1KTxZz%2BdEYud73XDg02ZIeyKVsIrQaI5m%2F1RAt%2Fn4Lk6XV8E1GO41rqYZLkAFfPcPnMmgsRtGGU13WFsD3RBm0%2BCC2Juu1GblG7cTWf%2BYxKpK75kt3nOiQU4qiyBkDFO4ER5rUWv4%2FarXPkbUXkTr%2BmKW1Y5yg6RyxYXMtvXUwAbJktztB9w%3D%3D
"['디지털/가전', '음향가전', '블루투스셋', '블루투스이어폰/이어셋']",2019.04.,https://shopping-phinf.pstatic.net/main_1848372/18483728924.20190403114453.jpg?type=f140,False,해외애플 에어팟 2세대 무선충전,18483728924,235320,108.0,"{'종류': '이어셋', '용도': '통화+음악감상겸용', '무선방식': '블루투스'}",4.9,http://cr2.shopping.naver.com/adcr.nhn?x=xGh%2Fg4x1w62lU5Jv9vaQuf%2F%2F%2Fw%3D%3Dsyz2r0%2FxIx%2F8GYRy66jxmB1nw4GP9U8V6dKubhjLHq1hFxXq5RRrAbf2VfWG%2F%2B5KyL3nP%2F14kZOzq68csB2437Tak9D5NFmUGp%2FdfmqGsQIw%2BJuA82JsGCD83WME0VXynshPMjPe9qsgPl3i5x84HfKAvVYD5wdNeqlo6h%2F1u%2BD5S0MlE9Zhp0ZdexlLGrR6%2FIPsP%2BELw2w9UoOF0Q%2BTj%2Bgygri4oJ87e%2FLdPizQqfeUygUSTUT6M4G4GdqM1WFkAunMVHlTlrnTfY1H1xvDbIK6QqamljpIlyRXMygoK08%2BD223wbaNbW5i4XNKUYvPohdXWhOgBoOnV9GdAykBa9qWilumJ5qA9GiKkn8RnX0NqCIrmjU1KFAOSx0tFAL1rbDHUpRklVQfF953LrzAxSlARzkOhlsxjVmu8M3W8ofkExjYQLQPt22VIB03uyqrlHvJjfoYPhN2SikMY9f2%2B%2FUNUAT1FCIA0jLzzT37CiBONo1KMT5wl%2BgNB6BS81vvNqHZ01%2B4oZHicD0CYeT9bux7rKHQFpDexCXY%2FVAmNIk3%2BlzBPad6AS5Orwl9kZEmb4GwsrrKVM2hkiwAH5J3vK%2Fm4yFeLUeRn68DWj764lc%2Fz1dqOf6DBv9480%2FFNxduv5D7Yi7%2B0C1lFurN%2Bp%2BkoC8oqWIDiQ40wMjAklAv3XXfmx6V1aBDnQmInaRgcyEBzlSc340AaK3l4ytFdnqSEkQ%3D%3D
"['디지털/가전', '음향가전', '블루투스셋', '블루투스이어폰/이어셋']",2019.04.,https://shopping-phinf.pstatic.net/main_1875485/18754856889.20190418160752.jpg?type=f140,False,애플 에어팟 2세대 무선충전 (MRXJ2KH/A),18754856889,254320,21.0,"{'유닛형태': '코드프리', '구성품': '충전케이스포함', '단자': '라이트닝', '용도': '통화+음악(스테레오)', '품목': '무선이어폰', '부가기능': ['가속도계센서(동작,음성)', '광학센서', '급속충전(15분충전시3시간재생)', '자동연결', '상태표시LED', '터치버튼', '무선충전(Qi인증)', '자동전원'], '통화': '3시간'}",4.8,http://cr2.shopping.naver.com/adcr.nhn?x=%2FoEOhpTN3hLrAvLhRNd1m%2F%2F%2F%2Fw%3D%3DslBHXjtyJt%2BEgHq7kHm2SLu6YHa0R6Va3o67UowRV22eX2Vp5lJDj17PFAuvRflaOWJsWI7M2j%2BjQxXixLAJKRYVtXIxgYZhNi3I0%2BzY3EHgro76EcnfNVJrci3jsYwJ%2BJzjVZcPY0YNbl%2B58ZH2TJ30uxbhGCKlU8oD%2FYg3hwAmTPkYnuY%2Byatqt9ZKmjFUYALYmir1yi%2BCoifnqT4Mz0X4KKQ3I7aOV21bZ72kCb9h7nxLQ699rZM%2FX5DqDIbF1NyMCToZw1eYkTbg2Q1D5WV6bmN%2Fws0Dq9JkpbX8Th10Ty8frGFobbxrLnOKppAy4v2cES%2FdN5dfAznBEdXB%2FMTFjApgIXbBKF5hfO21rWT3QrCFit8BUSYxv8yEQIzNGfgq2YXtLaWgqaPyAU3cl9%2BJ1HRl43R3D9pCZN07U4XBfI%2B8LqLDxZntj5R8zxDyUC3p9Id7wCDuubFhL3eX7BaQgbW7uZDDxAaCE0o%2FfNM13oFCST40PiYRmpJ3twai63ypMsy6cTrVJpaiIyEWNw1ekRDOUP04LdFWfgYq%2BaPmdjTPcO%2Bx69QT7QSCFrQB%2F2SzYhRjC1jN9FtPjTI9%2BbwvyIyG2%2FByd%2B3z%2BvS6Rtrt02DZJJ5w%2BSUn8NHBMXIa7BCQGC9BYAoBugyikThOq7PN06j29ba%2BQsIqcxF99JJp%2Fnm2LMrX3f5%2BIF4ftL1nnBC8CWHPWO7q0vcqrmIP9mZtWS1sPhecfFh%2FgAGr0FqY%3D
"['디지털/가전', '음향가전', '블루투스셋', '블루투스이어폰/이어셋']",2019.03.,https://shopping-phinf.pstatic.net/main_8191997/81919971590.1.jpg?type=f140,False,캔디팟 가성비 에어로팟 에어팟 i10 i12 i9 tws 차이팟x,81919971590,79000,492.0,{},,http://cr2.shopping.naver.com/adcr.nhn?x=74EOXzDmb6SQQ1cGff%2Frsf%2F%2F%2Fw%3D%3Ds77xfpXBgWkMa4N94PEOS7JgTqd3WRFkZvQRvKKooKErwMHFVfyRR41kkqop4BBe7Zn5QzwM6669CRAwgza56PbOzWylEKLxqT9tnjLp1ZU9v5vPmSTHMhkGjhp5a56X4H%2Ba899jq4vPrE%2FGLlLG4%2FESIubQx87Eao%2BbIHclg669CCTxEYumlfmS0CSfIhc3r86n%2BNgD2XCIZvop5QPGYy75rzv8784SHft4S8%2F0Q6hW475HUOuHCmMH47W9v7v472pQeyAcpGrN3qdfeNy9TA0DInQTllngnA1yNWKSkSS%2BYcYJGcMIP%2Bz2Gi9L63WAmAye8yhWE%2BMCZO4ZvgAofZbyd1RBZgVyywwOnwyCtNqVt9PSV%2BgkSKJOEIqbwn%2BBr0dSxLRRVv%2BVF1KB42Ai0HZi2TX%2FE1FG3sAyo%2FD%2BH57Xwte0wQB%2Bi9cXRBNpYaxzkW472A5BtX5ffgdHw88FDKPptDtgzpRPcU2wPVXCE0XrQQjBiG5oG17a3%2B5F1Ie0KPtf8dDgxoZPl3f51qHRFNpZBWHwKgWtzXHMvWGgoD%2B%2BBFELcQyL05Nqf1KQM8ulYWDhYzcwH7TEXpJySLlAh40tEIy6osyLWpgLQ48vbl%2BoWmfTbxBoIJalziNTETp3wZujHBDZrwtA%2FSeAQnOVKtU16uksga0LMFi7O4TzUgw5ykhz1z%2F88b2mK%2BlXIrjOKTYL14sAqg81jUzNgp8izqJek5RdBlVA34oJXVaELGsw%3D&nv_mid=81919971590&cat_id=50002334
"['디지털/가전', '음향가전', '블루투스셋', '블루투스이어폰/이어셋']",2019.04.,https://shopping-phinf.pstatic.net/main_1842862/18428627338.20190401154912.jpg?type=f140,False,해외애플 에어팟 MMEF2KH,18428627338,179540,2524.0,"{'종류': '이어셋', '용도': '통화+음악감상겸용', '무선방식': '블루투스'}",4.7,http://cr2.shopping.naver.com/adcr.nhn?x=6j8BoV5gbeYPKVU%2BTJ%2BeVv%2F%2F%2Fw%3D%3Ds2WAYlMxQL4ABS7y4SPqO2%2FfECnshgsOWTGuYjyC4qaTwMHFVfyRR41kkqop4BBe7QT3pFi1NVuXski6tFgecR4VtXIxgYZhNi3I0%2BzY3EHgro76EcnfNVJrci3jsYwJ%2BJzjVZcPY0YNbl%2B58ZH2TJ30uxbhGCKlU8oD%2FYg3hwAmTPkYnuY%2Byatqt9ZKmjFUYALYmir1yi%2BCoifnqT4Mz0SxGnqrwrEJS8fEwTrVmUFK9SIzblZbWGhSDs%2BZ5moMJNyMCToZw1eYkTbg2Q1D5WV6bmN%2Fws0Dq9JkpbX8Th10Ty8frGFobbxrLnOKppAy4v2cES%2FdN5dfAznBEdXB%2FMTFjApgIXbBKF5hfO21rWT3QrCFit8BUSYxv8yEQIzNGfgq2YXtLaWgqaPyAU3cl98UlEB8bULbGhnk0B%2BPWW5JfI%2B8LqLDxZntj5R8zxDyUC3p9Id7wCDuubFhL3eX7BYQm6Hv6on%2F9IKtXjEu%2BF9V3oFCST40PiYRmpJ3twai63ypMsy6cTrVJpaiIyEWNw7OiJzJM9yxqXEyQ48WwXrjgbCyuspUzaGSLAAfkne8rcEwMfq9oT0amYqGMYfG56PTG%2FB26xLuSTFKGQkX6wqGDhAFAQIW77uYy9XtKlVI%2BnLm9FMwkvF%2B%2Bp5ef13NIeebHpXVoEOdCYidpGBzIQHOVJzfjQBoreXjK0V2epISR
"['디지털/가전', '음향가전', '블루투스셋', '블루투스이어폰/이어셋']",2019.03.,https://shopping-phinf.pstatic.net/main_1834434/18344345265.20190327152714.jpg?type=f140,False,해외애플 에어팟 2세대 유선충전 케이스,18344345265,188690,132.0,"{'종류': '이어셋', '용도': '통화+음악감상겸용', '무선방식': '블루투스'}",4.6,http://cr2.shopping.naver.com/adcr.nhn?x=34ljJkGcdnLAmS0dLYrrWP%2F%2F%2Fw%3D%3Dsq8jbp3Dqyi6OqsJF648QkObbn2ILPJ7rb8NTEZiWz7HwMHFVfyRR41kkqop4BBe7%2FhbocHzHybuZ156i6hREdTak9D5NFmUGp%2FdfmqGsQIw%2BJuA82JsGCD83WME0VXynshPMjPe9qsgPl3i5x84HfKAvVYD5wdNeqlo6h%2F1u%2BD5S0MlE9Zhp0ZdexlLGrR6%2FIPsP%2BELw2w9UoOF0Q%2BTj%2BgN8quBxx4ypXJuxtr2QfLqKHqR4P1vmLOwoKrUTYFZqunMVHlTlrnTfY1H1xvDbIK6QqamljpIlyRXMygoK08%2BD223wbaNbW5i4XNKUYvPohdXWhOgBoOnV9GdAykBa9qWilumJ5qA9GiKkn8RnX0NqCIrmjU1KFAOSx0tFAL1rbDHUpRklVQfF953LrzAxSmyzVlzRj1Cgarfxs%2FkMZW8OJ%2Bh4y9Pw9OjCIOXZRNYb4yfot%2F%2FaR4Dz6FvWOY1imYv3GlMTfdxTKosxM09qNiDHfHj2XOBaaLMyVEQL6ERtX7xqdzQOoeiedRm7bxFlkQK1ORNg92eGypAnxUBHJ3wer25VbbPDzQxUCbLEq3T5vSyuR%2FFr2HjPxNSmdtXdR7zs7IYKyBh4n8R6ZS7exHI3ZEhDtRFWviPeC4sAaByfBCQGC9BYAoBugyikThOq7OtZdVQ5dtjPOuWSf2GILKyfsCTEKx7ScVjOsKkhnABrBC8CWHPWO7q0vcqrmIP9mZtWS1sPhecfFh%2FgAGr0FqY%3D
"['디지털/가전', '음향가전', '블루투스셋', '블루투스이어폰/이어셋']",2019.03.,https://shopping-phinf.pstatic.net/main_8194605/81946053258.jpg?type=f140,False,애플 에어팟 MMEF2KH/A 왼쪽 오른쪽 단품 한쪽 국내정식발매품 AS 가능,81946053258,87000,29.0,{},,http://cr2.shopping.naver.com/adcr.nhn?x=QsizWaxm07fTFRpIf7tDJ%2F%2F%2F%2Fw%3D%3Ds5ErDhHEzXekoRmiXi7bsdbdO9uIBkFACxJwZd%2BcryFuX2Vp5lJDj17PFAuvRflaOQZcePp4IxJOWfB7UdWJHGaL%2Bk7k0JFrQmJhBq1yf35oyXJJL25NHL4YStglvYZGaHu2bjUSswtoU9soy5PUesZpBDT9g0vi2eUYP4Mg%2B3npT8hWzr%2Fx6yYt8Yj%2FzlqkQk9A0ez3pBn4DvCnY4n7zIFIcFuuGcXCZ43O8vlE0wo7dODZHLS8csmEgCKH0QHz6gshoeuXggTVhd9iyPBesjsNjbvXN3Wxiau0h6XZ2dyxjGKHYM18PQsGOOKjjvcAsvjyy9PQqeCof6hNqnXx3gEZgpdy%2Fy6acIFdITP9PpmOqPtebmtmocRso2rTO46fkjTbvhBjkyQpLGsPKxsarQcy09pVEvR9IBRyXUvTkcOCeaZM42mU4oBhy%2F0906VIxG3tJdUyRzwBempeQsj0BHTqkzCQGdSuVgURwLmpH%2BGel7aIco7NLgSDA%2FaShT%2B9zkDYirnKoE7XEeefmpxgkwce29HXR350l9ypBCiaVIoFCSrgHGA2U%2BO4uaiAgAe1wnVtTJtoTx9yGAZKXD3%2B5lSZUYtZBDujiKQGvpEGhwcGteoZ9tB44ouBJ%2B1jvxsh8uqOUS9lCIre1lvJLMD1ulSWzB9dtMmQnI%2Bc5vpwudJaZWmsHhYzFv78TzzjO6us%2F5seldWgQ50JiJ2kYHMhAcyIreC8cUV59NWLWeB6rmUAHDdv7nHTGI3GwnDGRbgOr&nv_mid=81946053258&cat_id=50002334
"['디지털/가전', '음향가전', '블루투스셋', '블루투스이어폰/이어셋']",2019.01.,https://shopping-phinf.pstatic.net/main_1706033/17060334679.8.jpg?type=f140,False,마이룸 무선 블루투스 이어폰 차이팟 애플 아이폰 에어팟 x 에어로팟 에이블팟,17060334679,29900,52887.0,{},,http://cr2.shopping.naver.com/adcrNoti.nhn?x=XsKCVNw86y4B0RVQexPqfP%2F%2F%2Fw%3D%3Ds%2BidIRDTUsL4jtwzTYm7mSWluhfuTuI7yulBirCob65XwMHFVfyRR41kkqop4BBe7YDYGAOkVUWLhshTSxKpWKDak9D5NFmUGp%2FdfmqGsQIw%2BJuA82JsGCD83WME0VXynshPMjPe9qsgPl3i5x84HfGFcZqUpveXpYf7%2B6rNARIuW3IGKHTcCAQcnIH8DpDXPv93yyFFZx085xEzbukZj8QC6RM0VYUW6Pe7XCa688Ze98pgsmewAbJ%2BA2UFZwIRxR0ckDRv5P8jHVuyzl1WtDP50EdV0NULWKtHs0s5GeRRKxQ86B9zxmnvILsKESGzWAEY47Pfgvv7aBqM%2B2nKx%2FLFTX4WRCWoY5XxiQH15ZFMb7VizCqezlc4vsFbXfnti4LBYhASul5xoHn6kheqgcBkaKX7pTvXs6WG1e2oAbVUoMS8VjjsX58hqJ9KJunLSSVrcxYjtyJMqZK1ZJk3FB86AXJ5gzkgiRb4xdihRWRSZmZnpOTqvDRPP%2F2dALjcaLExrl56LQxsDkVfymeJvW56LY%2FTMcC86jVAUirbzNEM4isQgcKkvlOnyRtTZmoG6ernQTkek%2FoCcS3FVZ%2B%2BQzTGFfahAlp9nYlu1ZkXeerrnMoFan0nbhvOqs0GoFcooWR%2BBLMoyUENGBDyvN4xMD12wlNcYVp8UJLZtI%2BlH06mFWs4q68RITHjQRTImCB5%2Feq5B%2BR3TKxvo1HmbP88PYOBw6ZYm4Te8wbdlgBC7rjJHxrre0E5lQnbrbEe0eXdU8eE9zqsl8LQbY%2FlG0jYu9wcOch42RqMPDpFBAXfen8EcdK7wPpqF1Yt02AVlPaohtkknEQcNczJoiiBMOZEwEVYpd0zM2eYcyNSghQxgScM%3D&nv_mid=17060334679&cat_id=50002334
"['디지털/가전', '음향가전', '블루투스셋', '블루투스이어폰/이어셋']",2019.05.,https://shopping-phinf.pstatic.net/main_8195858/81958588252.3.jpg?type=f140,False,"[입고시발송예약/유선,무선충전버전/순서발송] 애플 국내정품 에어팟 2세대 Apple Airpod 2",81958588252,224000,293.0,{},,http://cr2.shopping.naver.com/adcr.nhn?x=aIGaokFmwKDxxe%2Fi6%2FXIEf%2F%2F%2Fw%3D%3DsuvkyAjDcPz6Cw0l92nUNHgbZI2ARIrUVKgE7GBkCMwmX2Vp5lJDj17PFAuvRflaO2gplaUFBGc49AdQD0AOSuaL%2Bk7k0JFrQmJhBq1yf35oyXJJL25NHL4YStglvYZGaHu2bjUSswtoU9soy5PUesZpBDT9g0vi2eUYP4Mg%2B3npT8hWzr%2Fx6yYt8Yj%2FzlqkQNC0XoGs1PNJisYJwjhOFFD8Xkc%2BG3qcaD9n1HQLB%2BrPdODZHLS8csmEgCKH0QHz6gshoeuXggTVhd9iyPBesjsNjbvXN3Wxiau0h6XZ2dyxjGKHYM18PQsGOOKjjvcAsdK8kVVCcPd%2F1%2B44cGN7xYjq%2B%2B8LrhaIDAPCRETuI%2FSuqPtebmtmocRso2rTO46fk3Qi%2FP8aZKvHBhdwo%2Bpl1Uldj25dSE1WX2Z7p3Kb77%2FwkN6mLs2zsDNW4TfR%2FrUQpbX1Of9XRFbGk%2FOorINVP30ms6ReS9c9C97XScE7RMcwf%2BLlrrGk6BBPxpnrpKkRavLt4Cg0hwSVQRv251%2Fbaiz3cHBTtoA2CYagY75KxCOu43Glm9z92o%2F%2BIcVP5tjqDNRlp7gWvqkG3PLafGT1LKFdDmGl5S1%2B3I6op2bQXuPalnC17D0Eket%2FsknWz2IVSk%2FbZITughJKZf3IHuBOb0K9tUEpRUhdKYvZG%2FOn78T6%2F%2B0IF%2B2vysSOTpet2dM9voy6bPdA06tE%2Fo0xey8k3Bzh7K4qzdFBdyprMw8TDanbpcsHIf8C%2BYC%2BvP8rqvfK6o8h7geWFjA5TGFYOSWP6d5ek5RdBlVA34oJXVaELGsw%3D&nv_mid=81958588252&cat_id=50002334
"['디지털/가전', '음향가전', '블루투스셋', '블루투스이어폰/이어셋']",2017.11.,https://shopping-phinf.pstatic.net/main_1265450/12654509207.3.jpg?type=f140,False,해외애플 애플 에어팟 1세대 /2세대/ Airpods 1/2세대,12654509207,194000,642.0,{},,http://cr2.shopping.naver.com/adcrNoti.nhn?x=2U%2F3HxwoIghTvrIX9dNPK%2F%2F%2F%2Fw%3D%3Ds1%2FKyz9bT6Q5wHtT0MTdSX1qEgtVEZbfbWj%2Bjss%2B3%2BlCX2Vp5lJDj17PFAuvRflaOsQH%2BYmwh4S0AzFTXjiKd27OzWylEKLxqT9tnjLp1ZU9v5vPmSTHMhkGjhp5a56X4H%2Ba899jq4vPrE%2FGLlLG4%2FEZc7bjxNea9gXzsJgrWK8TPbOshsYLrZpUk2h2DYCA3oGruqLAUlKs3Z1kr%2B53zouv5QHO1S%2Bt2Kquo08Kj%2BsIdFUrYRH2nbbnO2IAPU6KyDbb5pEfQF0lc0lSAtxjAr1LQyUT1mGnRl17GUsatHr9L874Pu0pNtfOxzzLyRD6VuwY3Y5F%2BF7qbTDT5f6Ew5Mc4ogR3AzxKqkn1ImdUMNMe8mN%2Bhg%2BE3ZKKQxj1%2Fb79lQ%2F0z4rggb%2Bn47%2BBjorl09t%2B4qWbIG9KhILhmvJQYshiyrZRcY0oopssJbE%2BTK2ZfxdZBaJawUbC%2Fad4W7W7Om8OwoDQiFxUl5QUwRwhbPtGNNOta1O8nt%2FrPg0Zu7DtQNNCj5xhyPZuddz4dOPtreViacK%2B%2B%2F1d4zWQm0EPgWR7PTRehwZ4X4Ekhlo%2BVC3Izx%2BpMkGj%2B4MtedaITLUIdA3EbkdHy2paEfNOpOgsY7vbbI%2FUBVAj4ONTr%2B9jp3L%2BBX7NXvvkASp0YK3NTfg%2BNynLLDzplsA5kzP2HMQex1JAzx%2BZ5JlKwDMUEOKabR78&nv_mid=12654509207&cat_id=50002334
"['디지털/가전', '음향가전', '블루투스셋', '블루투스이어폰/이어셋']",2019.02.,https://shopping-phinf.pstatic.net/main_8178668/81786680577.3.jpg?type=f140,False,에어팟 ios 안드로이드 차이팟 3.5세대 acro 아크로 i9 PLUS i8 mini,81786680577,22000,282.0,{},,http://cr2.shopping.naver.com/adcr.nhn?x=uOJ7gmdgipZC19xihruxDf%2F%2F%2Fw%3D%3Ds3AMaIZnbMoC%2BRWmDBraClkxC53%2Batpo3DEitjMF4hxXwMHFVfyRR41kkqop4BBe7THSNGukLFgfkYKMTPLSy7oVtXIxgYZhNi3I0%2BzY3EHgro76EcnfNVJrci3jsYwJ%2BJzjVZcPY0YNbl%2B58ZH2TJ7qjKnRqwP6%2Fgx%2Bfn7Y3xJHAgNrB0P6M%2BHvDLVlXg4Aa7BPKgde6o1sJOphSmKbrem%2FXvUZIu%2FMAKELTWvJ6r8CNyQ29mAZUk8gqPsND4WCqHd8gEw9lzl%2BRKFP4AUtntEbpbGYvomUslDXkgI4AksFIFvnxuIzpmKKv7%2BNaC1Me1vUNYYlPoAYN1ZFNgdfr1V4yZxM1pLZnob%2FsyYhI7%2FWqPtebmtmocRso2rTO46fkOta%2Fa%2Fn%2FNV6XmJVMvy3UIrFx4CRHcB8P2%2BmuYWfJuZi1%2FQUxt7b5tb0B0VHkmQ62HZyVahECadPW3ZyVBlJpU%2FEW%2BjmQIC%2FNHaCGhw265Xoc%2FPCF5k1%2BuXTqAKUNe38%2B3axj9Vbcgc3vvAc5pq8sKiXDQiVtpljjdBNp7j%2BaSXJ2gwii5IsGtYdEUeGSQpaxtuec3cBKPwrHOslUDE11AX4nJ1QAvV5ZxUdGmLENcH1CxKD1Pbm0J1uaYFHvT9UA4p5zmvlJ7OD0ldEmTqZO2JZH6U4ZiPiEvGPHiEOG%2B2s2f1E97fsH7l0y8IlbcTfQLQc9rEUXx621K21wKujTKslsWBqI%2Bp6qYxhdqONHvKA%3D&nv_mid=81786680577&cat_id=50002334
"['디지털/가전', '음향가전', '블루투스셋', '블루투스이어폰/이어셋']",2019.01.,https://shopping-phinf.pstatic.net/main_1701120/17011209371.jpg?type=f140,False,해외[앱구매캐시백]애플 에어팟 AirPods 무선이어폰 국내 AS가능 홍콩에어배송 3~4일,17011209371,197600,1495.0,{},,http://cr2.shopping.naver.com/adcrNoti.nhn?x=5pNFIeRiAioiKCuHT05nlf%2F%2F%2Fw%3D%3Ds8IHhRmDeGjbd3nkZngh4wRinzXc1BhsXesmD08786pzwMHFVfyRR41kkqop4BBe7h54iGCw8PsUN6DHsK56ZcLOzWylEKLxqT9tnjLp1ZU9v5vPmSTHMhkGjhp5a56X4H%2Ba899jq4vPrE%2FGLlLG4%2FEhqemUN8uSNd3V9UX7rDN2ZK%2FT4EvuYtYq8DCgKbtI8r3wzTdL%2FXkp%2Fhgx3hhqldeavyt0jS1DlBqLvnok9Q3QPmCVmXXv%2BB0BcphaIEVs0slO02ldZQOX7%2BoyNi%2FUAEbtN7WT3YMDZAkC6DkXxJpgb8swcQlcgrZRqsCZJ99GTSf1REciBCSa7DiibEYRILoW9qOhVLf5NTDCNsnPPJ4zNVH5SMuGwMew4qu42GGDEiiJ3dY3V6n5qG30j6owwWuFXIUQUWNV%2F63hObXIc6Vbz9qXETaz7%2FfAGPGI4G%2B82mO86y5bNaJWVxygG0wGp0H8XWQWiWsFGwv2neFu1uzr62wBWBJSPwUZu1FhC4DQGnx0fUHxiGWSOJAzCMm4XvdOtlPCxpEyemKmZs3L%2BeSNv224PZJm4JC2DHlEpfUeHqc90foX5c59IIqqWrw%2FFgtmIY%2FwSRouklbRb3w9VJLFUCAJU%2BwpCaQizxp%2F7OY1tgluVE%2FqniuGNF1lfAVaLt3muHrahbTXbyW7QzbrD2v%2FBMmXunoxcZK5iDF8Ylh1Z9pBZmnD734QrIaYebJRVcY2Vd9c2kQteriZrhfOwaEBmST%2FMvapmn7FIF9wKiWgF&nv_mid=17011209371&cat_id=50002334
"['디지털/가전', '음향가전', '블루투스셋', '블루투스이어폰/이어셋']",2019.03.,https://shopping-phinf.pstatic.net/main_8193483/81934833520.1.jpg?type=f140,False,차이팟 i10 tws 에어로팟 에어팟 i12 i9 에어팟2,81934833520,49800,49.0,{},,http://cr2.shopping.naver.com/adcr.nhn?x=8H7n6%2Fr5RS3nRbz%2FPZS0Of%2F%2F%2Fw%3D%3Ds2i4i6EJpnvmyJ4ysRegms73g0nYt783yOIjFo13sx5XwMHFVfyRR41kkqop4BBe7zzJU6JVQ%2F9dvGDDMqRf7CaL%2Bk7k0JFrQmJhBq1yf35oyXJJL25NHL4YStglvYZGaHu2bjUSswtoU9soy5PUesZpBDT9g0vi2eUYP4Mg%2B3npT8hWzr%2Fx6yYt8Yj%2FzlqkQp1m4pNvIFxpm0vHP%2FbSUvLIq4fx5cOE89U52LV4INKjdODZHLS8csmEgCKH0QHz6gshoeuXggTVhd9iyPBesjsNjbvXN3Wxiau0h6XZ2dyxjGKHYM18PQsGOOKjjvcAs15FstOPCFnKU%2FefrcHvOY1HTWeHEOXSDS9sYX%2BdlZnX52iL9N16CbbhprZkmwAP%2BbUKHldxqAg%2BYOxGDyNkIx%2BdgkjjrGkFnS5b4AARAceV7%2FmZ6CQSuY68%2BAbUmkoa3nnjo1XhpezE%2BNeEPnIAC6TpKWaePZXHifYpgm1N5B%2FlA%2BF6Fs2qHE94nH51aPzEKQkq4BxgNlPjuLmogIAHtcEXX0B48zkzBbBMTQc%2FkTRtKDTLvKentAUKETkqW26SgLlZMBoLB3SBtS08OB5%2Bue4cpLBpJbOe2iqoybGpRyfQl44DbN3rYHjvtGi74Ajmj294uoFSWlVm%2FuT%2Ba8HTTE8bQZGvufQ0ScdbpSzLQrId1MlezrFKeWBEak%2FQqZGSxZOPCQ1JTHrqNT54mqEFqsQ%3D%3D&nv_mid=81934833520&cat_id=50002334
"['디지털/가전', '음향가전', '블루투스셋', '블루투스이어폰/이어셋']",2018.03.,https://shopping-phinf.pstatic.net/main_1383874/13838748967.2.jpg?type=f140,False,애플 애플정품 에어팟 이어폰 AirPods MMEF2KH/A 빠른배송,13838748967,270290,703.0,{},,http://cr2.shopping.naver.com/adcrNoti.nhn?x=vEw8goKwiWxLJ0sWcU7hKv%2F%2F%2Fw%3D%3Dsjyrk1Z0RG698c4dGU%2BM%2FGcC2ZTXzOVDvFNnBqwv7SGzwMHFVfyRR41kkqop4BBe7kNKO%2BkPVhleW61ta1sjJtzak9D5NFmUGp%2FdfmqGsQIw%2BJuA82JsGCD83WME0VXynshPMjPe9qsgPl3i5x84HfBzgEqo3blXBQ1pGng11EnMs1gjiI1c91enMmHehiQig3J6Q57l0JSofnfRdPZrFKy95mImXYIw7jsDWz53SHwed4F66gnueInPpiNn7ALbdTlLmPhVCor%2BcejzZIRPUGzf336TNqYBfxx4Q7t7PVjZ4wl5DLZ8%2BD2rmYfp7BC5XuO%2BR1DrhwpjB%2BO1vb%2B7%2BO9qUHsgHKRqzd6nX3jcvUwNAyJ0E5ZZ4JwNcjVikpEkvmHGCRnDCD%2Fs9hovS%2Bt1gJs%2BH%2BSz0Nl86RImyd95IckE43W9u9uUaX76GZgaBmj8Npe2Df2RviSFU%2Fa4EvsZEAt%2BL60Bxb6OyazBsMWPZ0xnRVTnPHcudTXPEg8ExbPDDkYxSG4pR9PoMLnrSlHQswXJ4HGghDdEwmNTo%2F5HychpdV3ur373QAxjscCC2N2m11Lix8vTBZIky%2BQNeydzqQ%2BgfCzOvZjGr3jXD1pLg7%2BcIZ9eSVUEPXl%2BjoeHMtkjWm2qdhsUx6Zq23b7eyj5y6NKZerDFA%2F%2BPi2IhDsYxxThTypdHwDuCp2oYLs%2F9%2BdHK5gyJl06AhMH0E%2BBhmN2pGuWamW%2F9QjqWWLoLr%2BKKMMPiHzvcFF4XGl%2B0Z1JC72O0DlfKL%2F%2FBOxU8WQS7OyR9YA%3D%3D&nv_mid=13838748967&cat_id=50002334
"['디지털/가전', '음향가전', '블루투스셋', '블루투스이어폰/이어셋']",2019.02.,https://shopping-phinf.pstatic.net/main_8176502/81765026705.jpg?type=f140,False,애플 정품 에어팟 MMEF2KH/A 애플코리아 정품 당일출고,81765026705,250000,165.0,{},,http://cr2.shopping.naver.com/adcr.nhn?x=HHykxVOyxjlnBBlUVY2bA%2F%2F%2F%2Fw%3D%3DsY0UNFJJauv1d8OmfYY2og1IH4s853lu9WrXJ0RHxY1HwMHFVfyRR41kkqop4BBe7%2B2wuy4YB0%2FeI1SjtU38xbqL%2Bk7k0JFrQmJhBq1yf35oyXJJL25NHL4YStglvYZGaHu2bjUSswtoU9soy5PUesZpBDT9g0vi2eUYP4Mg%2B3npT8hWzr%2Fx6yYt8Yj%2FzlqkQd68Phv%2BpWpEQwtVAipHCOFIcFuuGcXCZ43O8vlE0wo7dODZHLS8csmEgCKH0QHz6gshoeuXggTVhd9iyPBesjsNjbvXN3Wxiau0h6XZ2dyxjGKHYM18PQsGOOKjjvcAsIfyykPCu0uruEANDhIxkX8gL9VWkC6%2FUbLiP6lLZTiVt9PSV%2BgkSKJOEIqbwn%2BBrKahz33NIRuKtykUnW0zt9fdEfDc3nOACrhy96tdreoKD9coSV4cZnXAm0RRaxpjdwYIgQd%2FIMIiB8Ips55ixHtwqTbJ3dEu%2FzyL7G%2B1eZCfW0dG1iRVnjlwqNc7l2oUFG%2FKS0JL66duDf74gN%2BBZ7Zy9NYw%2BOReFKRiSedtinBmAw8940jXtUfeyBe4HKVCyQssOx4fpNS%2BaWhUGBqzrMe%2BfflQRx82AaKmrgiMPf5EsvMUHkJOsZQhepy0SakoT8xxdkgRUnitkubV6lz%2BgbAy46Rl4cUteEs4nqYSf8oAIw6F%2F%2FIXQvw4NtCdofmsQVqIZ1B1%2BxQDOw3lUnSDdYF6fEVNgH4gL0mpuYrCMyro%3D&nv_mid=81765026705&cat_id=50002334
"['디지털/가전', '음향가전', '블루투스셋', '블루투스이어폰/이어셋']",2019.04.,https://shopping-phinf.pstatic.net/main_1873568/18735689119.jpg?type=f140,False,i13 Tws 블랙 블랙  블루투스이어폰 에어팟 아이팟,18735689119,14470,,{},,http://cr2.shopping.naver.com/adcrNoti.nhn?x=DTfy7AWVocnkNJyOZgTw%2FP%2F%2F%2Fw%3D%3DsOF2I41dviz04l3P1TxXdd3CDCvGOAvMjzbvFRySPNalFxXq5RRrAbf2VfWG%2F%2B5KyxADS9G2TYyoq96ZbhEx7lTak9D5NFmUGp%2FdfmqGsQIw%2BJuA82JsGCD83WME0VXynshPMjPe9qsgPl3i5x84HfBcyimNSVaFDBoEoTveJSh4mPJTT3mf%2F86tw7gnjboaXdiTmCiDM33ngZmD1mGg8R%2BYGeMiQTXjJZDEfShLrrXzy6XToaPiIKhqteM8mmlr7H3qlcI9TKBlJTnzlzQmgVBvtWLMKp7OVzi%2BwVtd%2Be2LgsFiEBK6XnGgefqSF6qBwGRopfulO9ezpYbV7agBtVXAXXuLqeoxhF24l7wDPrOg4PhLLqXKlT7FBoprMxPWvON1vbvblGl%2B%2BhmYGgZo%2FDaq5Ujgy25%2FeYyR9txB942FX%2Fiofzgbq%2B7v2L2Ocb3iXWO5GMXiXWtoZ449TgYS0jDQrZUQ2QDs2eoA5LGsOWlJ%2B13tp%2BqT0QmjhVH0GCJDUMIopxwQU0THRPeNG226ttUa6rBczXYfyMYBxKPa7H%2B7wPCnxhEk4%2Ff3W3xGteUfCkX%2B0rWijroIcSHmqf626qe1R5c1vOVcSXHUnRHYoWyfQiLCGxD6SzEt3Zq06ZFtAiUlNyLT95TR6EFeHjWHPzLgncXe6jgLuBiGgvXqg3wQOcOEmqAqW%2F3L65OJ3UP95QzR9wJVEe57dzlZP86EFhzFjFCeNcvRcEn0eNjZI8J8%3D&nv_mid=18735689119&cat_id=50002334
[],,https://shopping-phinf.pstatic.net//20190507_23/24611887-56a4-4171-a76a-5c157eaa800c.jpg?type=ofullfill_200_200,False,캔디팟 가성비 에어로팟 에어팟 i10 i12 i9 tws 차이팟x,81919971590,79000,,{},,http://cr2.shopping.naver.com/adcr.nhn?x=nA76pkl6DIvbzY3il5AaHv%2F%2F%2Fw%3D%3DsnRxPlbJiuSYPpaFvcl3Vq5gTqd3WRFkZvQRvKKooKEpW%2FPzaE7m4v5r7WRMQpV3HspKmJE0v1O3okc6sztRAk7OzWylEKLxqT9tnjLp1ZU9v5vPmSTHMhkGjhp5a56X4H%2Ba899jq4vPrE%2FGLlLG4%2FESIubQx87Eao%2BbIHclg669CCTxEYumlfmS0CSfIhc3r86n%2BNgD2XCIZvop5QPGYy75rzv8784SHft4S8%2F0Q6hW475HUOuHCmMH47W9v7v472pQeyAcpGrN3qdfeNy9TA0DInQTllngnA1yNWKSkSS%2BYcYJGcMIP%2Bz2Gi9L63WAmpnyxiJvnSCj8kwEUaL%2BvLgc%2FwK2bcXYzpYPWP3eE8Xji6j6aoXBoL%2Ff2GzAfva6m6dj4NK748I2I2uhSpepIYj5cUB%2B1Gi%2F7l34S7iW7xWmw8nWQL1TNBdveN09L1EfWd2KZYwoEI1W6aDrtdDlBRsyS5e1fGZHKO53Z6yyzYqdW0UJOZJOqHIUfOv8Dsk9rmVfOZ8GOabY%2F8QSmzZh3gpy9NYw%2BOReFKRiSedtinBn%2BmtDUsiivT8PjmlEF1l9Celv8QWIs%2Fi9UYWSWayy98WpU2LNNv%2FjGi0XQ%2FZrcllh2lNqFIwVLO20hA9irrAvhoZ6mrSnpPmB2ww%2F4rRbWYKZpxamf4Kit1pgfvIRc3L6B0QovODswBcSvgWUH6AZm&nv_mid=81919971590&cat_id=50002334
"['디지털/가전', '음향가전', '블루투스셋', '블루투스이어폰/이어셋']",2018.06.,https://shopping-phinf.pstatic.net/main_8062890/80628902191.jpg?type=f140,False,블루투스 무선 이어폰 아이폰 애플 에어팟 2세대 이어팟 벌크 i8 에이블팟 차이팟 에어로팟 i9 i10 i11 i12 tws a10x,80628902191,28500,1059.0,{},,http://cr2.shopping.naver.com/adcr.nhn?x=eAujKJxrGmFb69a4CRTQV%2F%2F%2F%2Fw%3D%3DsPUdyFzKXt7LWRaSr%2Bs5VorSehbZdMSvwYFnX%2Bw23lNrwMHFVfyRR41kkqop4BBe7%2BUK93GEUfRYLOJ96703TB6L%2Bk7k0JFrQmJhBq1yf35oyXJJL25NHL4YStglvYZGaHu2bjUSswtoU9soy5PUesZpBDT9g0vi2eUYP4Mg%2B3npT8hWzr%2Fx6yYt8Yj%2FzlqkQk65e1Sm3SSj2xCo2KfPc1T8Xkc%2BG3qcaD9n1HQLB%2BrPdODZHLS8csmEgCKH0QHz6gshoeuXggTVhd9iyPBesjsNjbvXN3Wxiau0h6XZ2dyxXTT3C3psjSIYyUHyBB%2FSWfo6P2AczzmG0XxkWHu38p4gUHY5ch45fIx%2B9YehEnUTfwoQ9BagtCwnwMGGdmS4ty1H9EArFHubWXn14UjwQ3Khj6d%2FTBonzn8buCw1xUOIcAE4yZo2n4JAfXb6VQ17Kwkt3T4Tid1TIr5QJG8VAr3qaBLWe4MG7DTVj3F%2Bd0BYHiT%2B69Mte5SICmxrMgteMGI45gs9%2FZHh26OUEmRgUsFRwXOSYiTGTH480K6u8nyGzsNrWMvVrY%2BxkrG5Q8HuW0yd280iPBmJE4u4IA1zAXHNGDZnDutPv%2BDK%2ByoHO6b3rilTkfjwWXaa%2FOW%2BEuPAKYzUW%2BOVYLp4RZ0gbNJdaIcFjTbCJpPSjY8J6E3Pbhw4ZZ7ZsptUJYNweVzkAEh%2FuhngrYgTXofmVcilDJCBZlIKH6rVDHkEnVp5lo71Nk80AX6%2FdFqOv%2FH4wnOdiohJZFh7RDGdQdcdEHxR0Gu%2BqTF6fEVNgH4gL0mpuYrCMyro%3D&nv_mid=80628902191&cat_id=50002334
[],,https://shopping-phinf.pstatic.net//20190510_28/5c9bb7a7-f9a6-4a94-9a31-5af6da1603c1.jpg?type=ofullfill_200_200,False,DGG i10 프로 블루투스 가성비이어폰 5.0 터치식 3세대 에어팟,81996763612,49800,,{},,http://cr2.shopping.naver.com/adcr.nhn?x=ShmzKFUbBUaohy2wQGxJoP%2F%2F%2Fw%3D%3Ds8DcCTlIoJ2YqtYIgVgILaWwpcVNQZm7D1XQjbZopXMLBuTO%2F77NCif1eCVFDPt%2Fr2rlMUNnXCN1HoBl0qHUQcYVtXIxgYZhNi3I0%2BzY3EHgro76EcnfNVJrci3jsYwJ%2BJzjVZcPY0YNbl%2B58ZH2TJ7qjKnRqwP6%2Fgx%2Bfn7Y3xJHAgNrB0P6M%2BHvDLVlXg4AahWNlBRurK6CHFfGjytqOdG%2FXvUZIu%2FMAKELTWvJ6r8CNyQ29mAZUk8gqPsND4WCqHd8gEw9lzl%2BRKFP4AUtntEbpbGYvomUslDXkgI4AksEB7xFhX%2BQuW2%2BIgukwV3dhrE9smgXN%2FEHBJcFWEP71eRRaGSIUc%2BpSdO4nMLOZ5%2FpkLxoS0k6mw%2FarDHtAlldai2ndKdLh2lwZFI9q9NgsYysVLZlrq28q82lWCQn%2FHMrPd%2BOsJL3sQNpvikqHVDdIL%2F4%2BwbRIKq2nE01DOQ%2FK8zKPm71nc1g5NJBNLYCqAwfE4s6Nq7tOIXQ%2F6ZomRNi8LExMajJQrwBXcyDZOeWXvM1qg1BEowlcAT44k9pi6hY5YvbrV0i%2Bh5ej8wrqsD8gVIVmuzuvfl0l%2BueQs4vGLbA1V80lyaTLYO0X1RWiy8Tc9U0fFRWOHb0Qs5w1Dd%2BagDc7ySC2iov9O%2BHFI0fkI3KSHPXP%2FzxvaYr6VciuM4pfc5uBdhqGuC8lGR3ma%2Ffcl6TlF0GVUDfigldVoQsazA%3D%3D&nv_mid=81996763612&cat_id=50002334
"['디지털/가전', '음향가전', '블루투스셋', '블루투스이어폰/이어셋']",2019.04.,https://shopping-phinf.pstatic.net/main_1874057/18740571933.jpg?type=f140,False,완전 에어팟 콩나물이어폰 i10s블루투스 무선 코드리스 갤럭시버드 대륙의실수  uxlr,18740571933,32270,1.0,{},,http://cr2.shopping.naver.com/adcrNoti.nhn?x=AWyVyn%2B8EYMRcQhS9H6P0v%2F%2F%2Fw%3D%3Dsqi3AenKOzpckqpXVmFj%2Fu8ucc5cBS6oJioLCvytLpPOX2Vp5lJDj17PFAuvRflaOo5p40pylFioWgHm7hEvvJhZjXJZuzIepcEBvGyO0goGGmkr6TCM58HfQ17YeHXd1yfaQp4HPIIhdSxsOUwBmuaRGE1tyseCXtMf%2B7ZK6OmGX2uisaeNUtJNdgkOx3Kqow%2FUMy1P9vepofTSCcNNkuh7rk5gaFAaFWSUpkO4nky3m0G1RcftURccxHLCRxJUqz1R820RcioykgOAuvDxXYmVyf4fEeIwpi1WJR%2F5%2FpRf41b1TvfQyNa7hciW%2Br3JhZZiQcNYjXmUeAMkutJpC7Xq1XEM8NCCeWaew8LAflitcaoGmAXE%2Fqrhl%2BFm7zCxYEr2LTFgao%2BiepyBEdhxytFLPg7XnSOXCj6i3px8PGvM%2BhY4xQseJVPJUKRQqmHq7pvYkmJVRxadH9HPL5SVSRve6xKq7qDfu7iIl2ufwsSdjHNhFl2xdglPJMKAkHkSjvXjSfE2SUdrYw%2FlUYpQq%2B%2BG1askfpvIA6mG2xgfHisqq4Z4zcya7nVM8XYxwdzCjvIYljYHMCSsewDBTh7P35GSyGdl%2Bs8k9%2FuwPzwVjE7aGP0XyjtfOTHKyaoqLMNpnhuV57G1ax8fi2UpvSmfuN13%2Bf%2FCzidg%2F3cJTumuSqHQwgw3A4TQOE8ELB8Wy2AcEJtjnaN3s9cxTxGDI%2FM%2B8k%2FHyBK%2Bu9%2FCJ1bcMs%2BtJx0fTdJP%2FqzW%2BcWrRjwbqnpdCo7ZvD31a0S4UZOXd1wtU%2Bw%3D%3D&nv_mid=18740571933&cat_id=50002334
"['디지털/가전', '음향가전', '블루투스셋', '블루투스이어폰/이어셋']",2019.04.,https://shopping-phinf.pstatic.net/main_8198800/81988008453.2.jpg?type=f140,False,에어팟 왼쪽 오른쪽 충전케이스 개별 판매 애플코리아 AirPods 낱개 [국내정품] 당일발송,81988008453,86500,9.0,{},,http://cr2.shopping.naver.com/adcr.nhn?x=%2FZmeROA7csVwqYGd57ORjv%2F%2F%2Fw%3D%3Ds3LkItOu4QpBcrbSRdG8S9AWIh65tn6W1poJs5uoWKjbwMHFVfyRR41kkqop4BBe7nxxtzwQAMc%2Bw%2BT99iZ2MC7OzWylEKLxqT9tnjLp1ZU9v5vPmSTHMhkGjhp5a56X4H%2Ba899jq4vPrE%2FGLlLG4%2FESIubQx87Eao%2BbIHclg669CCTxEYumlfmS0CSfIhc3rEt93LiASJhsYC8D4lR%2FdQykVBGY230dhvsUZpwiOBsC475HUOuHCmMH47W9v7v472pQeyAcpGrN3qdfeNy9TA0DInQTllngnA1yNWKSkSS%2BYcYJGcMIP%2Bz2Gi9L63WAm%2BQLKAScME36tt1IT6MbFIFkEfRb2HbePr9la22xf%2BQbi6j6aoXBoL%2Ff2GzAfva6mtzvQdZISW65SwRyQeFJG3z5cUB%2B1Gi%2F7l34S7iW7xWnEfnlAdCXF9W3wrGt3JYCTgNPwUJusKPbQQsop2qb826vvg6pC8p%2BhnnYgMX%2BF3IACd96Z67bXBPz2wVscoNsKoamVvwa%2B74MXGc%2FYLL5cdnY9VRL73UkZ4bJsgXYDFbW6Qhx%2FxPBvm2hxHAL85f3lCxUH47d%2BhNao%2Boi9oI4k3JZBWHwKgWtzXHMvWGgoD%2B%2BD0FRWPq6SoW7uojooeAkGWDhYzcwH7TEXpJySLlAh4xJqngBd57s5q3i2QQ8dFKbhU7Hga%2BdVB3fJVoei7k75LL3hcTi6uHvHdMGbnZ%2FBOq7aCI09bBPVOmKHP01t98vYhNVM%2BNdec1hxtgYBZ3HSFVePW00PW4ajn6p%2BS8kRN16fEVNgH4gL0mpuYrCMyro%3D&nv_mid=81988008453&cat_id=50002334
"['디지털/가전', '음향가전', '블루투스셋', '블루투스이어폰/이어셋']",2019.03.,https://shopping-phinf.pstatic.net/main_1836730/18367305169.jpg?type=f140,False,해외애플 에어팟/Apple Airpods/국내 AS 가능,18367305169,153690,2.0,{},,http://cr2.shopping.naver.com/adcrNoti.nhn?x=BH%2BSgVSzf20gpAYeb6fr8v%2F%2F%2Fw%3D%3DseJHltVaql9AyQaz8cTQiPpuO7WVRHxrUiXOD48%2F%2FVjLwMHFVfyRR41kkqop4BBe7lqYkasex71JKroIP5xvfArOzWylEKLxqT9tnjLp1ZU9v5vPmSTHMhkGjhp5a56X4H%2Ba899jq4vPrE%2FGLlLG4%2FM6XAjG0l%2B%2F47owaLEFsQrA3Limj6K0Q%2Bg0oFtZlYr3zRV%2FAwfYyCxW9PxaJUuJm3DPbhDeyLbk38HNiFYTNbB6Og4auDBoWhn79B3lEBOkAfS7FuEYIqVTygP9iDeHACeJponNr0PJdzj7z3SwUwefcFM1zWi7zPTsvqsSLNs75ecRE5Sqzg0ewQO8PCqbe89yWOuA9HrRBbVVE2ifmQ6Ie8mN%2Bhg%2BE3ZKKQxj1%2Fb79%2FyjULuAwwbbEbbNSvf65nQD%2FK4JYEKM19dCXAGSykSkHAyrtLRV8YWqFSawAW3HmVGazHT40RtwffVxmtK7ijulGALh1lbVgSPrVWqcXDzB13%2BnUyKaFHT3LM5RtH%2FmbJwwUDVwpLx3TkbamLwR0%2BWowdNQWDAWUrzQvdMe29HOT9tkhO6CEkpl%2Fcge4E5vQfGXua3u6UVtNqH0o1uhcbf1fsLYRh6kHG%2B%2Fz411U1IXOrVHjiUaLxqludu7Mo%2BP5x14jYCy9XZYRm60j0hslQpaKPcPANwekdfa1NXuj50o%3D&nv_mid=18367305169&cat_id=50002334
"['디지털/가전', '음향가전', '블루투스셋', '블루투스이어폰/이어셋']",2018.11.,https://shopping-phinf.pstatic.net/main_1634158/16341587630.2.jpg?type=f140,False,에어팟스타일ACRO-I8 아크로 I-8,16341587630,17400,40.0,{},,http://cr2.shopping.naver.com/adcrNoti.nhn?x=Dz5p6OZj6DBtkt5XJeNlh%2F%2F%2F%2Fw%3D%3DsRr2Nm6PxIMiyZXuiZ5TwPyis7GqUhfGd4PP%2FWoCDLmFFxXq5RRrAbf2VfWG%2F%2B5KyQz%2B1aK2tVbzuLOlNRp6utxsao%2FZL%2B%2Bd3HbICOA5Hi1tBAxhy%2FvtM3SvznP9se137BHjRr5tywrUiJp1l%2BK5H%2FNPHenxWKCkr6Sxz6yPJ5yDluXfJokTToC7gDnur48znHhHNGZ5zyxNeo6h7n6E5PI4mQBuOhQ4lCNSzCO8MtuJ6oLgnMHrEQtYcvU4kyKldd%2FtZ05eftzs77PUAjkNGiyZCCFsjY3h6pQFAiASgzyR6ehh9MHxfWkiUrTDSqKhCH94PqSUhpe3Y77tH7KGwVzpRR73R%2FcfzOIxqZ8lOaIrSqikA%2FXFAoCStZQ4oB%2FX9DTD2c94pCXk3DQJZOi8%2BIolk7HzSbASP8uu%2FGq5fKbAZ%2FN%2BwzL%2FeyMPvZ1lQJ9oRsirh%2FHlw4Tz1TnYtXgg0qN04NkctLxyyYSAIofRAfPqCyGh65eCBNWF32LI8F6yOw2Nu9c3dbGJq7SHpdnZ3LI77wpBnJkm1KdaWX8bT%2FBLdm%2FWlbgBVIVgf0hb%2BSUWHqOhTrI6tWFbvLnKpHF%2FwXwKWWLWx8gMPRCLCd5%2FLubwFw%2Fg%2F6y%2BhulGRfjZ%2FHTJdQb4%2FKuufmxpaoK1Ei306Q518PmotwoJjT3W2qXrQxUXLJStsBN93KTfFBEq5WcL3s5sFqOJEgo%2Fca6%2BOsnmFIiBUxo0ljE49CGUB3kTfFLorDNs1HqRySgy1iM%2F9cIaSaZxfgC3KqHwk2VKolm8TRUlXe4DrHwoyqtax9S3l599K1BY%2FF3p8jBKL2UWjwl3tjC%2BA1wN7w36rcf0knvgZjnnyuZ7J7gWre4IPOhypNb2FLrnmxUQ6cjskWzeNJxRz&nv_mid=16341587630&cat_id=50002334
"['디지털/가전', '음향가전', '블루투스셋', '블루투스이어폰/이어셋']",2019.04.,https://shopping-phinf.pstatic.net/main_8200591/82005912375.jpg?type=f140,False,국내정품 Apple 뉴 에어팟2세대 MV7N2KH/A 오늘출발 내일도착 우체국택배 배송지연2배보상,82005912375,276000,44.0,{},,http://cr2.shopping.naver.com/adcr.nhn?x=uQolwIBBPGsZYbHfyss5sv%2F%2F%2Fw%3D%3DsLXCr7EOnaA%2B3rt%2BzKuGT97xLypl2hGFnjtDOyATNOSNFxXq5RRrAbf2VfWG%2F%2B5KyXenkV0MUZG4NYT8qXq7Ddhsao%2FZL%2B%2Bd3HbICOA5Hi1tBAxhy%2FvtM3SvznP9se137BHjRr5tywrUiJp1l%2BK5H%2FEghO%2Fto5Sf3TZYD3Bh6mTwlqkkFpuP9fwB3P4ovkNeMbLy6bWiAg96U67tNkHgFdI3GcDs5pmEwm4Vbf5FLVh3A1Fs1h%2F3SDPWB46f0pErLZXJ%2Fh8R4jCmLVYlH%2Fn%2BlF%2FjVvVO99DI1ruFyJb6vcmFlmJBw1iNeZR4AyS60mkLtXOexEcK7TurxjAQgrL6mudmCXj2IFrzFV0WPchvxI3Rt9PSV%2BgkSKJOEIqbwn%2BBrJ08uyuesszGHLg9KDBNNLy%2BM6mQFOUy%2FO5i76PMtwiD%2FReYx%2FQ1fU1uHpNte2UNxTF3aMmCGQr9c4utf9l7aUnVmZ%2F%2F0p4p6QqMJwcyquydTMHgByD0elkM3lNRvANY043b4dIuN7a%2FCVxqCM2cXSYNLOWFALCPbirZTZSIeHdr1JZGpLoR59gJau7XlU2jvmMV2u2%2BTLM9ApEtgyWFw27PEogPETKlCUad45REYqft3BrdZY%2FAVEUHjuOID%2FtyHEW8yai36aBPpIWHwddhs3w3yfZsqyyPZIAhcevjH3bZvtPCO5QYc1OzK%2Bh4RW2jb64Ohk%2FPNesQlASvp6ab5KFsUFZm2bGNWzeWGROYxcFIYXU8a0RzRGlLwHL3hljBKVYHhijGv1vvob26vletsiWVmbKDr5K%2FxNVLZfoxknzI%3D&nv_mid=82005912375&cat_id=50002334
"['디지털/가전', '음향가전', '블루투스셋', '블루투스이어폰/이어셋']",2019.04.,https://shopping-phinf.pstatic.net/main_1889995/18899954783.jpg?type=f140,False,해외Apple airpod2 애플 에어팟2 + 무선충전 케이스,18899954783,214130,,{},,http://cr2.shopping.naver.com/adcrNoti.nhn?x=3l2QwqcFaHO8uQhm3vxSIf%2F%2F%2Fw%3D%3DsDDstfkkWWDsAlnEEEVcVLIsB2M%2FFRY7Ztm7Bi7kl%2F12X2Vp5lJDj17PFAuvRflaO8T%2FgKtE0bhqD66MRPiYkGIVtXIxgYZhNi3I0%2BzY3EHgro76EcnfNVJrci3jsYwJ%2BfwuEhrNUvLcpJGIyPgpuubVe7Rmx7TMPUJixSWnYxgvNOSEMx8WOoQ8scNPH6Q1uNU47FvpxPJ%2FBqawgkweQu2OA58bUdbex6Wmbg8YdXcqNgerUMuog9nxsBt1wy5LrwNRbNYf90gz1geOn9KRKy2Vyf4fEeIwpi1WJR%2F5%2FpRf41b1TvfQyNa7hciW%2Br3JhZZiQcNYjXmUeAMkutJpC7bihk%2BXMCY4PRKGO34bRVCOtCqwz29f70%2Bznctqr3XNtfadJhjK9rrR5WBiU7eORrggGEwjp04FG5n0zwt%2BvUlZvlsJ7BHu5bDT3i1orOcljZxdj7q44Cu%2FTtDNEQpLpi%2F9AQixs6b%2Bjr8%2Bd0HcmlGQONgzfRd7gZHQ8BfyKbWtkj1Dkp6mTZLYRYzU7B6llZIOVokvWXtfreTqUKjN5QoPiv%2Fqw80JAG54fmIA5nIrGk%2FbZITughJKZf3IHuBOb0PLrkPAQz2z4U735I0ONJYj1Ds%2BNLi%2BOEMfKxz9JynDWn%2BKp3%2BGNKNQgd5mEY%2BahIcNjoQy4A4Z3Uz%2F3n3NQXzRKHTuR32dw0mCBJBF1zM5zzLSSnjQ3K4ag8FVqJ2oSMg%3D%3D&nv_mid=18899954783&cat_id=50002334
"['디지털/가전', '음향가전', '블루투스셋', '블루투스이어폰/이어셋']",2019.01.,https://shopping-phinf.pstatic.net/main_1695082/16950823115.jpg?type=f140,False,해외정품 미국 코스트코 애플 에어팟,16950823115,172800,6.0,{},,http://cr2.shopping.naver.com/adcrNoti.nhn?x=gB8TxlLmK2fHhs9CKGwei%2F%2F%2F%2Fw%3D%3DsjdUa4U7PxSE1nPiawkZ89HpencQxGVydktxNt7rgSdHwMHFVfyRR41kkqop4BBe7ysGRIIYPKJ8FvUu0xEumJLOzWylEKLxqT9tnjLp1ZU9v5vPmSTHMhkGjhp5a56X4H%2Ba899jq4vPrE%2FGLlLG4%2FAsrB28mBn6LU3f6xRsquzxqErGxlKy4De1thQqlqo49m7N%2BgZRabHPTtC3iCAxECktPznMMf5iOeKaJ%2BTU3UxCoHdrmkC9NI51AQbL59MehJ0eWi0ff6SeOSL2ceDHDxsdhp1XzL69WOdpZJNed%2BUeGJRQHX9ThbHrbD0wiAZwLlr2MJibGuG71Ivr98%2FRFYS3cDQosRlq2vuVtmOyZFRHZ7Yh9x1tb%2BdARx6aQzBE%2BrW7ucQI3xbR7WiiDvdnLyhK9i0xYGqPonqcgRHYccrRuUgbFWErQP0OLx3TP56q9AFfAFXE97jbqffXG1kK9eZuzK32KzvHaehKHOtc48atZxjLmZQ5OnGRpmGF2iH6iPHFFwZZROUZAAm8bByV4eJxJFQHx681BffGqBtSlOoPPyYeMYAr4SI6Zyx4L%2B3zqlBmlD5kU5nyOXZrQf7ESnOBL4RvQcPPanOEaJYf0IW9fsSvg9iQCUVqfHwSIPWiPKZmBCwU608%2BjUP%2BUfUO%2FP9iE1Uz4115zWHG2BgFncdJ6wwFqve91DHXxuD88rGFLIEaysdPvhXENrHw4bsEIgw%3D%3D&nv_mid=16950823115&cat_id=50002334
"['디지털/가전', '음향가전', '블루투스셋', '블루투스이어폰/이어셋']",2019.02.,https://shopping-phinf.pstatic.net/main_8173613/81736134795.8.jpg?type=f140,False,차이팟 i10 tws 플러스 콩나물팟 에어팟x,81736134795,59000,126.0,{},,http://cr2.shopping.naver.com/adcr.nhn?x=222QLKLfy8de%2B2SHN9lx2f%2F%2F%2Fw%3D%3Ds6rmRENMP2Y1sHlF67%2BhDc%2BZI%2Fpz%2FW05W5N4sFCrDau3wMHFVfyRR41kkqop4BBe7taP6jZI%2BZSrMgoTy%2BVCgfrOzWylEKLxqT9tnjLp1ZU9v5vPmSTHMhkGjhp5a56X4H%2Ba899jq4vPrE%2FGLlLG4%2FESIubQx87Eao%2BbIHclg669CCTxEYumlfmS0CSfIhc3rLvsLNd82VKtzPng7hvhQrsd41jAkSSrGyy1wyrnEyBS475HUOuHCmMH47W9v7v472pQeyAcpGrN3qdfeNy9TA0DInQTllngnA1yNWKSkSS%2BYcYJGcMIP%2Bz2Gi9L63WAmYxnQbuaMDdXwhgO3tHe%2FUVamBPtcbzAaq%2FZlI78b7mdt9PSV%2BgkSKJOEIqbwn%2BBrW3dZaCIeld4h15KxHvyUvZi2TX%2FE1FG3sAyo%2FD%2BH57V3RoV0AxQpKwil638XvZSRRM6KiD1UajU%2B6m07zmWcIavEWRyuGX6dFvD1ge656J6kUdeIyUD2L5wxr4BbDfFld4p9B2kaOyI4Vlbm2z0l8tpqeO5NoEhXeGSrBd4ZOBaT9tkhO6CEkpl%2Fcge4E5vQXxn2RvB%2FMuoEV1waonNB4FTTxHSPQ8semwnKQVzWFAVF7dboY%2FvSBuQnKHoByO2bOmtePXgWdbPRZab9iglS%2F%2Blywch%2FwL5gL68%2Fyuq98rq3yMCP1fP92YXLlFOzoyU7l6TlF0GVUDfigldVoQsazA%3D%3D&nv_mid=81736134795&cat_id=50002334
"['디지털/가전', '음향가전', '블루투스셋', '블루투스이어폰/이어셋']",2018.12.,https://shopping-phinf.pstatic.net/main_1661137/16611371198.1.jpg?type=f140,False,"[디파] 무선 블루투스 이어폰 CN-700T 4color, diifa, 에어팟",16611371198,99000,46.0,{},,http://cr2.shopping.naver.com/adcrNoti.nhn?x=wiUPEtdz00XJqszoXjEKT%2F%2F%2F%2Fw%3D%3DsBGkyXvUt%2BlmiSTBcMj4ODpymbCUfq73jYX2Cwtp4ovxFxXq5RRrAbf2VfWG%2F%2B5KyZMDZoIuVI2EE4YPFQ1ldW7OzWylEKLxqT9tnjLp1ZU9v5vPmSTHMhkGjhp5a56X4H%2Ba899jq4vPrE%2FGLlLG4%2FJ6Pgs9bBb1o2H7uVXQNcNx5ArG6RWagKuG4eNTHfv550SpSJHW5Eb7FvV7frM%2BWUrHI9ZpsN7i2lBKUihWsso61o1MXejwJDAdTSlF8tzih2O8LMOnwXKPSD1gFpR4JiWVyf4fEeIwpi1WJR%2F5%2FpRf41b1TvfQyNa7hciW%2Br3JhZZiQcNYjXmUeAMkutJpC7aycsewmftfogJxqfquMeCXETiz94RRNk29dh4sVIcPKEr2LTFgao%2BiepyBEdhxytBGO8TF%2BVjuxR2Cx8%2BO5b92uECZy1vkDieNLEt%2BYNiJCrDnKHw%2Fx6%2F2uY5nB3otCvIOLSVUz%2FXPq3fU0Rgmc7xMHyGFP4PsDOHUrl%2F%2B3BXSQqW9FKQnWbojA8FsVH%2BZmHdpZV%2B2RfJLPaSAQFwR%2BHnm%2Bib3BBhHQjf1Sk2mDPsK9O2rs5pDhpmQWZB6add9y8JP22SE7oISSmX9yB7gTm9CmkQzRdNrRrV8hocM39pwWeKSas%2BaOoLTR8Y9t%2BZfheGj2F6CO%2FnZ%2BFr%2FtmkdMio4OcOEmqAqW%2F3L65OJ3UP95P%2BuRiI8Lt6y1XxnEqh2m3of61Ne07mHKwMGVqfWVjEo%3D&nv_mid=16611371198&cat_id=50002334
"['디지털/가전', '음향가전', '블루투스셋', '블루투스이어폰/이어셋']",2019.04.,https://shopping-phinf.pstatic.net/main_1860717/18607171841.jpg?type=f140,False,해외애플 에어팟 화이트 블루투스이어폰/이어셋 Apple AirPods,18607171841,187100,19.0,{},,http://cr2.shopping.naver.com/adcrNoti.nhn?x=9jAPPREoBgKAqL%2FMHHCHnv%2F%2F%2Fw%3D%3Ds5uVBAnb8dmZNDg%2F2SbPZrNHIgGNI9ktJN8v8Bemx%2FbvwMHFVfyRR41kkqop4BBe7w%2FjJsNtKxZmSIwJkvxJuBIVtXIxgYZhNi3I0%2BzY3EHgro76EcnfNVJrci3jsYwJ%2BfwuEhrNUvLcpJGIyPgpuuXFVQsZGRyKTWYA%2FDgz0Ll%2BYieCYH%2FZE1Dl6hqmGWuGT%2F2iq9%2BItD%2BVlAVINvHO55f5EuNSEjlXFlTf47bwUOYm%2F2kM8xhXgMiEOxQpQBSM1laiiyQzYFN1NcqwsXMQw22lzFpVtK0wpeCSIO045TyNHhb71cpAJ3X7m%2BHOXigwID5glZl17%2FgdAXKYWiBFbNLJTtNpXWUDl%2B%2FqMjYv1ABG7Te1k92DA2QJAug5F8SaYG%2FLMHEJXIK2UarAmSffRk1XIvYJQcqj9qsx4NkXQZy9dXrAwRXxXRFil8qQs3EZuiBQdjlyHjl8jH71h6ESdRIIVC3tMSnkclJ2gXXpUHgQ1sed1cr5jEeicO7D5ULRW0h921vpSty3l6k591PY30w40NC5NaZXMXbaWDfHo5ysr%2BwOyxCPYWPNRJZDwTmxDmlNz7Dfazrp9E53StT%2FPN5Ah4gdJqH4hqpVfFgHaKRq4UhxODPLSyiUxIiAtZd5ef2NOVK5%2BGy5eFy5FFMzyaNxHiugQ7KnFvh4u4E3nhYXSmXqwxQP%2Fj4tiIQ7GMcU4sTrfILwSXueye99QPpBKgleVxmqDcOu6Sr%2BaFy7P42vlmplv%2FUI6lli6C6%2FiijDDOlQg1yjl66kItKUuXN57v7mBXa2i1ammPaYlMzATpUs%3D&nv_mid=18607171841&cat_id=50002334
"['디지털/가전', '음향가전', '블루투스셋', '블루투스이어폰/이어셋']",2019.01.,https://shopping-phinf.pstatic.net/main_1696325/16963250393.jpg?type=f140,False,해외애플 에어팟 블루투스 무선 이어폰 MMEF2J/A,16963250393,165100,,{},,http://cr2.shopping.naver.com/adcrNoti.nhn?x=31nQ4u5%2B6aNdrSKfyXWM7%2F%2F%2F%2Fw%3D%3DsNr3eoHZmTEgduq7dmclI4IvbzJJopceYZifgA9OvvHfwMHFVfyRR41kkqop4BBe7QktfZ7wK6WdxJ5Fi9H4oF7OzWylEKLxqT9tnjLp1ZU9v5vPmSTHMhkGjhp5a56X4H%2Ba899jq4vPrE%2FGLlLG4%2FGyYlTXadWpgnL47FHj7XclxWDmWHegqXPsdFOwAodbm69HV8aa2rDPSyetf47a2OBeueZ8Zu64MJNkA2Y0yUTPN2xHNv%2FocMZ6GvW2lg4yYqXovKPOc7%2BwfQ9%2B6qjdfvnziS%2Fd3ml6%2Bd7n6%2F50Se3MF%2BGNtffYHA7Wzu1X3aE%2BlKqxd4TwHPKyyi%2BExg9WBLQQNisUHWEC0r%2BOxzVVvN6G54ZnAWs39Ys53l1FV%2FKI4VrVkeSneugdhmLfvjrAQp%2Fg62KZatGPB7NIIxj4QTnhpwlnOOHvDAz4X1A%2FCd1SwmINLNZNsnnJ3FMN%2F0BU7Kb140nxNklHa2MP5VGKUKvsUjy1kixjYEvYNrUNumWZidPfcRsd%2BhIjbfgR54OrcB8Vvp7PpRavqElKbIkBmDzWGNqxTWIwJjYVlIP2DfMeIkx9JtrBdpAXRyv0lduGDJHJmen%2BkMNuNlgVT4lvsUsRSMn3DTrEt7Ihb%2BvBV8%2BNIwI%2Fcvq3xykYT8rIVS2j6KOuR4J%2FHzqQWI%2BEqQWe2QZBjc9IcTJ8cBxcAOQ76nSec&nv_mid=16963250393&cat_id=50002334
"['디지털/가전', '음향가전', '블루투스셋', '블루투스이어폰/이어셋']",2019.03.,https://shopping-phinf.pstatic.net/main_1814689/18146893827.jpg?type=f140,False,해외새로운 Apple Airpods (최신 버전) iOS 10 이상이 장착 된 iPhone 용 무선 블루투스 헤드셋 (리퍼브),18146893827,191300,1.0,{},,http://cr2.shopping.naver.com/adcrNoti.nhn?x=1A0JpeXuQ2aSMwPIzPAfx%2F%2F%2F%2Fw%3D%3Dsyav6QVShYEIyIEJCQj7K%2BQvbKwCTY12fTcv1xA438XNFxXq5RRrAbf2VfWG%2F%2B5Kyfuif26JLsTE4m3LHywEA4bOzWylEKLxqT9tnjLp1ZU9v5vPmSTHMhkGjhp5a56X4H%2Ba899jq4vPrE%2FGLlLG4%2FFLvZ%2FxIHb8%2FORDsHZ5Zx4cRq4ip430hjphlP7L0Hf%2B1ePUIV1ncJfoUDWqwHKzkb7TWc2%2FL0mw%2FC1RXx9la5qgNyGrwKanYzc1Dyhsx%2BVHP2pQeyAcpGrN3qdfeNy9TA0DInQTllngnA1yNWKSkSS%2BYcYJGcMIP%2Bz2Gi9L63WAmeQqpW074EfFVjS%2FCXu%2BrMbM7Bx1%2FdJ7GUJIHxOiuIFFaVzcZTxopydQvgY%2B8mQy0ZdIPAK9NkCxsNYAZ%2FNEFJa6mKlJzb6iFOCT1uf9ruwYD35DpGTXsOEgLEdi1InDue0dk0L6jIvMvpsqg2BrryO3Xy0i%2Bc7gGKZEUwzVgy7O0ZLn%2Ffw62H4Kvv20WPQNM75hYsQSzsVB%2B9LfpV4a3dzHw1N%2BaAjPkZKGg5qBLhb0qs%2F7k0epU6a8o2ZUL5eBvRqFuafvj27WHT52G97Bt2HquQfkd0ysb6NR5mz%2FPD2AMvDtyCa4n%2FDVmLWRULBPhY4g308HZipuPuC1Mq%2BJkJmHLvrKSm3I9LVBDdVzu4936oSRd5W1MCMlGXinrN%2FW05P1KDu6NI3pkJtJPo7jVkuWamW%2F9QjqWWLoLr%2BKKMMPGKLo10DYUTdMS9E5kjUXLlYUsK%2FNvNgLtbgXh0rz%2BGQ%3D%3D&nv_mid=18146893827&cat_id=50002334
"['디지털/가전', '음향가전', '블루투스셋', '블루투스이어폰/이어셋']",2019.03.,https://shopping-phinf.pstatic.net/main_1831485/18314856361.jpg?type=f140,False,[애플정품] 에어팟 AirPods (마켓) 30665 A1602,18314856361,1184800,,{},,http://cr2.shopping.naver.com/adcrNoti.nhn?x=6%2BtcMkG7O1f4Oagih1s8Xv%2F%2F%2Fw%3D%3DsqSOoK376OPk27%2FizNjGYHWezj0TLwVDsJXqKV%2FhNAbyX2Vp5lJDj17PFAuvRflaOLsuVqK6j0a%2B%2BaE67n4shTaL%2Bk7k0JFrQmJhBq1yf35oyXJJL25NHL4YStglvYZGaHu2bjUSswtoU9soy5PUesYUxNgXpcPj7ASKD4DOb0vVdAyy6bz8WaVZf1DqthMgzrWet28wCFY%2B%2FlJbZVyuYoYUclOgaSNmh6PXU9YoazJRpglB16DpdlqXX6SPq66K3MAPkt8uBplKfgRJUo%2FD6oXxAwytxZCtBbfYqK%2BlnvI11Vb1XzKmjD6Idarsaoct0rEaUcX0jgTeKstHoo8iewJipLIhYQnlrs%2FHQ5Alcgcp%2BwoZrl7pC6dsZn%2BuAGyynON1vbvblGl%2B%2BhmYGgZo%2FDVuirZ%2FFgXoRrfPlaWd0XktYf4nV4W4fo56JsgtpGbTIoGSXboyHc2wL2hKLfHfXF5yYxA6EVYbcnxIMTyrc97Nx6v2oPuok3bdMMaKLgQ6n0ZhPtcsqn4VvyE3%2BAvVZi%2BCaGADj3B1o0y8aHXL18CqR1fseL4g8S5JLKsz0iCXT13ZF8oHUjarHjhLa8rYwp9KZerDFA%2F%2BPi2IhDsYxxTi3zdZWA5Cers0YWx0Kc2d6R22t53Pyot7297WcYBm84uWamW%2F9QjqWWLoLr%2BKKMMMnsH8hlAz8JX6SWhqHLBZaQkaAsGkFEmJcppHMbKpQxw%3D%3D&nv_mid=18314856361&cat_id=50002334
"['디지털/가전', '음향가전', '블루투스셋', '블루투스이어폰/이어셋']",2019.04.,https://shopping-phinf.pstatic.net/main_1871153/18711537902.jpg?type=f140,False,i11-tws 무선에어팟 아이폰X 아이폰8 아이폰7 아이폰6,18711537902,23630,,{},,http://cr2.shopping.naver.com/adcrNoti.nhn?x=MZghWuwWFs%2BFqqah0PSdxP%2F%2F%2Fw%3D%3DspyhJdQUMLxQJE1qyfudrbC03Lc7tbQ4CgJ%2B%2BgmUb2DDwMHFVfyRR41kkqop4BBe7KBbi%2FPWEu%2BGIbnpth8pnTzak9D5NFmUGp%2FdfmqGsQIw%2BJuA82JsGCD83WME0VXynshPMjPe9qsgPl3i5x84HfDUDx7KmWLDkzPSk3c4xfiysQDfH%2BRYWbL6EigCZC%2BYgi35FJbAGC%2BKWrSsuLq5eduUB8DfpIBYN68dliDVkJH%2ByU7TaV1lA5fv6jI2L9QARu03tZPdgwNkCQLoORfEmmBvyzBxCVyCtlGqwJkn30ZOvEPLFe72vN682NuUtvtRGP2gJ7R5IVfL4F1OzsdF6Vs1UflIy4bAx7Diq7jYYYMTypoavBIWBEjghmlJrvf2LEL7crhZZLtjwQeP5Vs25MZ1Wz9QhCQzT6gK9nKix3Zw1L3m4mCy3tS6c8rS2SvwlTmJiy7Rcx9fTEu1LJsVcaAXQ%2F%2BliDyGitSb8SG1E8%2F28xgQzV%2F9YyuKc%2FelRzh%2FwYNXd88rXsXLEHn779MDDphqU74fc%2BdMmFdBIxO8ZYYshVr%2FqFlZHl%2BqLW6OLnpiZe%2BsZQtfog74QKwP65YVkTzqLTs82z1eY%2FVKL359xoU5D1AXZTb7z9sL%2B0O%2FsbTy0fwVjpY%2B8Z5ksSnus16GzO96Ga20JCYFh%2BwTLBz1uuKZZtDDxuDw5tulRzoTcsYDb&nv_mid=18711537902&cat_id=50002334
"['디지털/가전', '음향가전', '블루투스셋', '블루투스이어폰/이어셋']",2019.04.,https://shopping-phinf.pstatic.net/main_1880242/18802429798.jpg?type=f140,False,VOD240710불루투스 무선이어폰i9S-TWS 에어팟 차이팟 이어셋,18802429798,18140,,{},,http://cr2.shopping.naver.com/adcrNoti.nhn?x=fzNe7mcgiZrjQx6Uz%2FXVBP%2F%2F%2Fw%3D%3DsUygz7UEnJDuEKA62Bk7V1Dx6QmLTtFfJUXkUhmporc7wMHFVfyRR41kkqop4BBe7PSGGhIqgzMjEwNyeJ4lPNLOzWylEKLxqT9tnjLp1ZU9v5vPmSTHMhkGjhp5a56X4H%2Ba899jq4vPrE%2FGLlLG4%2FC5%2FPr21y0zavGrYQtT9m%2BVxtTagPCi7EcJJ4S%2FOEVaA9FgYphpUblUhpUVKEkEtdRSMKR9prfmqZb9PY5XprJNv171GSLvzAChC01ryeq%2FAa4NtRae%2FAAYF2ve7hZ5JnYLIaHrl4IE1YXfYsjwXrI7DY271zd1sYmrtIel2dncsYxih2DNfD0LBjjio473ALBNHOKKhSwRpWywyOZmGvLaFz1DEJwFPkGOBHkgREswzWlc3GU8aKcnUL4GPvJkMtPbPdNxWpJizVGK7V1kFLTpjhN6tYfFIisA%2BZLojMPKuqtwmcxTpmaHHU3Q6gQPD9XrMuXbAVtrNnYQ82LqIej5Cy85qSquFqAqgGirsYz%2Bv78uq2B5jtMxDqOQ%2BZ0az01c2ITZA9r73DzDSkHAngjxM8aPqWq2hZgYgYDqAv6ENCZxsD8Gs4XV%2FQhDFAEI88FkpczYMe0HIVQXimrHonVZy%2BcyLZFDrTIl23sDR8QXztv%2FSf8Zsb8%2B%2FhicSZ2BD3Vc3VghX3N4GF%2F8j5ShN5ikLpKd%2BgfuoJPOLfQHOHtnucUrnIdMdpfNviz6saXBcCGpUJhcWyhd2IrQjcbuijso%3D&nv_mid=18802429798&cat_id=50002334
"['디지털/가전', '음향가전', '블루투스셋', '블루투스이어폰/이어셋']",2019.04.,https://shopping-phinf.pstatic.net/main_1884542/18845425918.jpg?type=f140,False,YCF106769ACRO I9 에어팟과 제일 비슷한 크기,18845425918,52020,,{},,http://cr2.shopping.naver.com/adcrNoti.nhn?x=Szp9wMIE7KSTSwOVEunmhf%2F%2F%2Fw%3D%3DsvtPE8Q4heMK22te%2BAlWc0g4p9pUnWq6RXnnl9goH1sHwMHFVfyRR41kkqop4BBe7hOexfYB1ns7sovxgxsgmBDak9D5NFmUGp%2FdfmqGsQIw%2BJuA82JsGCD83WME0VXynshPMjPe9qsgPl3i5x84HfBNDZlXp2yW%2BTtB7elh%2BVO%2B3HD7ryA2Wt0C0LqvJ75dM7iqg6o7eAclGbt8XAdw%2BEwxCGMtqHUlyNRd9RZyBOB1qRQvFOzBBUjZKZDAVjfAMpaKW6YnmoD0aIqSfxGdfQ2oIiuaNTUoUA5LHS0UAvWtsMdSlGSVVB8X3ncuvMDFKhKEkWUxN8moLIpd%2FZfPlAzgq96kOjrKK%2FpvmIM2ewece8mN%2Bhg%2BE3ZKKQxj1%2Fb79sFPx6CSfsAbR4F%2Fh%2FqFUpjSSiX3EgRALLc9HNMRiS%2Fw3xgKN0rNtN8YSvZu5tNfhEfJPm4S254qRQOvWAa3YEK2q9WT%2BmN1c3FlgCuGTLt6Xxv4nDFyqu1ekF952VpnIJoWqw7ZPYEvgzRZ%2BcH%2Bg8Y4FHMHgLi7kImOJ35O9YtQKWy%2BhMk8Vf8BXO8maZhl2psvQzzgWlRdsaBg7YD87fH6fVBuWJyruxpCtnfaewg5fAuWRK3x67axJ%2FHd0L1it5ZqZb%2F1COpZYuguv4oowwwwE9A9vQ9Xg9mHxJS6LuWBv%2Fh4LIGp8TMGFu5Ur%2BsGk&nv_mid=18845425918&cat_id=50002334
"['디지털/가전', '음향가전', '블루투스셋', '블루투스이어폰/이어셋']",2018.08.,https://shopping-phinf.pstatic.net/main_1512151/15121518343.20181108101744.jpg?type=f140,False,TORCHIC G7 스테레오 블루투스 이어폰,15121518343,12500,621.0,"{'용도': '통화+음악(스테레오)', '무선방식': '블루투스4.2', '구성': '단품', '리모컨': '무선', '유닛형태': '코드프리', '부가기능': '멀티페어링', '구성품': '충전케이스포함', '품목': '블루투스이어폰', '음질개선': '통화음질개선(CVC)'}",4.1,http://cr2.shopping.naver.com/adcr.nhn?x=zf99DaPM%2Fbae9FBEuJVEN%2F%2F%2F%2Fw%3D%3DskKMCPQowsPd2HPz3wBYd52bd4iB2FmHy9YMExXlobfxFxXq5RRrAbf2VfWG%2F%2B5KyInLkghdZMHoVuA18n9Y%2FzRsao%2FZL%2B%2Bd3HbICOA5Hi1tBAxhy%2FvtM3SvznP9se137BHjRr5tywrUiJp1l%2BK5H%2FE2Aor3SbsBTEsynuMdRXOh1Vb1XzKmjD6Idarsaoct0Q7Jqr3KfAzDa3y0K64%2B7i2FQ5kaeOV9n3XIQTkIwR2DkViOmOcZs2ewBUw7ptH2zGdVGqHlHZX3mWbZ77vlWldAjmApGHOCXUTAeh%2FDiUMPyvis7pNPuuft5ylcBM5aIH3qlcI9TKBlJTnzlzQmgVBvtWLMKp7OVzi%2BwVtd%2Be2LgsFiEBK6XnGgefqSF6qBwGRopfulO9ezpYbV7agBtVUvKsTpJiP1D%2BTZiz%2FYLqeWOENhhDxZW7eo%2FRxGFakRfHvJjfoYPhN2SikMY9f2%2B%2FWRDnTlXuU1tp%2BihWLH2ay4KPusdxMtTrV4fFqxDGfl7RUY1vc6so2K9Le4IEv49d8q36QS40tUKVRNT4uViSDatPKtuMkdQNgu93JSC%2FnlCPsnGXg%2FqqJ2VLGXcDkGhsjGS8b3WIzoWM9mWH%2BP3TntVnaExFfQMXMKDY3FevDVSSz74Y1K27vkHrUe2hKf%2BOF71dMRvV2XNv1WGmXZSrQaPspTncWEfBgRJzTsAAKHf6RyxYXMtvXUwAbJktztB9w%3D%3D
[],,https://shopping-phinf.pstatic.net//20190418_17/58853007-8f81-4772-8e04-75ac6066c6de.jpg?type=ofullfill_200_200,False,애플 에어팟 2세대 / 유선충전 케이스,18679867694,217460,,{},4.1,http://cr2.shopping.naver.com/adcrNoti.nhn?x=DTLRoujPOXksu3gX7zQA5v%2F%2F%2Fw%3D%3DsGuu6xfi5%2Br0qCzSMas84xOYGO4Hfuy%2BBv6DvjWs2mHvBuTO%2F77NCif1eCVFDPt%2FrLGs5NG5klhbUFo9V%2B5u0y7OzWylEKLxqT9tnjLp1ZU9v5vPmSTHMhkGjhp5a56X4H%2Ba899jq4vPrE%2FGLlLG4%2FD9OwhayKf%2F8GIHNs5afYfrvAFeMTvMwD%2BqyF0SVwTAJp%2FlSkNGezY4HA0y%2B6JprdiYQHBymhYheS99jcj4MaEZOgNirB7E35MWj86yraw1WqMR8leJj%2FXR6yPGP60TatKl6LyjznO%2FsH0Pfuqo3X7584kv3d5pevne5%2Bv%2BdEntzBfhjbX32BwO1s7tV92hPpWAx2csS4%2BZsu4v9mVsgCtwVVrgivgrJiZVLonNFqLYajWF9J8yYi9CrVsR%2BVm2Cmxlr75DjPpdOR2bUX%2FUyD4Llwc%2BtVlnTQjZvr3Aep2QXjH%2FtMKLcEX0onAC9gY8v7qpbJZ1wH2QcSeZ40d0ssIt5YTNGLrv890izlLSdxMwVyIZWV4SxzUxE4z9K9dDQXcsqfayGpdCBYrr2aNCcr%2BwMqsjQTgJUvVn2%2F%2F7E9zVS0pl6sMUD%2F4%2BLYiEOxjHFOAMHCYiHzYEkWePjMzZTgYQ6YQOkVfNqbgxN2o1iSImt2ITVTPjXXnNYcbYGAWdx0mEYCRerY6P7nGlZRhtWu4wgRrKx0%2B%2BFcQ2sfDhuwQiD&nv_mid=18679867694&cat_id=50002334
"['디지털/가전', '음향가전', '블루투스셋', '블루투스이어폰/이어셋']",2018.04.,https://shopping-phinf.pstatic.net/main_1417653/14176537731.jpg?type=f140,False,해외[오사카]Apple AirPods 메탈조 프리미엄 스킨 씰브러시 드 골드,14176537731,53240,,{},4.1,http://cr2.shopping.naver.com/adcrNoti.nhn?x=PFBt%2BBOBLH0xQN6%2B1kZKKP%2F%2F%2Fw%3D%3DsMKYLgzvTGT1Bh%2Bc09Wj01bDXDf%2BdbDFEGaxK6QuDSMyX2Vp5lJDj17PFAuvRflaOUrn1kz9cFkh%2BvDjvFq75yrOzWylEKLxqT9tnjLp1ZU9v5vPmSTHMhkGjhp5a56X4H%2Ba899jq4vPrE%2FGLlLG4%2FEmUUjVM9GVIQah2j4Qcy4cIrR8EHqPa5mYTIiq0p88FTOBJObiougLMAinUkn93hari6sTcf0%2F4iYsywxpk0%2Ff2akXKcuktHRIZoZx1Op74v2cES%2FdN5dfAznBEdXB%2FMTFjApgIXbBKF5hfO21rWT3QrCFit8BUSYxv8yEQIzNGfgq2YXtLaWgqaPyAU3cl92P0gDV8XGEfSqVw4e2nL%2BRKKLpBZKR5XfPsi3XZwtPX4yfot%2F%2FaR4Dz6FvWOY1imbsuuhWs3ZujOK0zJZ37rVCs%2FfGwWZg5IrhLfy4KYmYRG6PfWQdk199PA05JL6XBCGHO3OGmYLpJQYHrzzjwO%2FEZH4ebXOTOaEw%2FsMss7m5KKqtPh5XblaXSR9KDZYCqNUeBUmg3ebZsrCdJ5JoDPFrF8gWm9qR6rl0CvRT%2F2JgrETESiijwOYxMoW7EOIvrOYr%2BJIpS63YMyqBNyti8QttRp%2BoINFV63Vaikrm95U6DeoFgzUVBvmLB3IXSmqUz0ET3YHlODx8faUAhGB825aiFrt0%2Fl8TOoTHdrwQpwAtA297gbffA51r5bRcW8M1iLlg9uegzN6Yohhr2U6dCGeRR4aF1qnpqjy6d99jCWwI4&nv_mid=14176537731&cat_id=50002334
[],,https://shopping-phinf.pstatic.net//20190402_20/2cb264fb-eb3a-4da7-ae3e-50575f2bd84f.jpg?type=ofullfill_200_200,False,애플 에어팟 2세대 유선충전케이스 (케이스/철가루방지스티커증정),18429947106,203210,,{},4.1,http://cr2.shopping.naver.com/adcrNoti.nhn?x=do7vYo5QmUZSm1BbKqGWsv%2F%2F%2Fw%3D%3DsfD0jidIlk7R2RixlLD2ZzloSwq9MsMb7Oo7JVUJYes9W%2FPzaE7m4v5r7WRMQpV3HqI410SEd2FSXiFGZOoHCKLOzWylEKLxqT9tnjLp1ZU9v5vPmSTHMhkGjhp5a56X4H%2Ba899jq4vPrE%2FGLlLG4%2FEhqemUN8uSNd3V9UX7rDN2ZK%2FT4EvuYtYq8DCgKbtI8rnQlMyNf5C10cU%2FOPOWvwE%2FZxf51VA%2FxNhBV%2BuGjn%2B8PmCVmXXv%2BB0BcphaIEVs0slO02ldZQOX7%2BoyNi%2FUAEbtN7WT3YMDZAkC6DkXxJpgb8swcQlcgrZRqsCZJ99GTVodb1oowG7vjH0MaW95Y4nlbVLU2nFPB5%2FjOXjTiFjAUWhkiFHPqUnTuJzCzmef6AgfzuHCM3n7BaMu%2FKlroPoMuTec7%2BeFbFDkUjYTWLIC6qLWTxvuhVnN4zYHoTkkSlrU3A%2FXs9TP78mUJZzB1HiQzrVDQbgXdkc0pNv0ofzbrI3UL1NcsMtie1uI6mHnUHNk1U0yCYyh%2F1kRWy%2BMfd7yCln037jEurnaDZcr9HEyuoZK2g3yu1%2Fd%2FlpL5hmDwsQFlW9FQkoZgJx8z3mbjemBB99xh2O54qgR5GNXFbtxRp%2BoINFV63Vaikrm95U6DW0LqN6D6mGz%2Bu8DTwW82XoterWRslFkVCKBrYsfqMcXgN%2B3UOliyuN7d3iiyStJyB1c2hp78KDUVkuDaJiOmrg%3D%3D&nv_mid=18429947106&cat_id=50002334
